timestamp,task_id,subtask_id,user_id,action,outcome,detail,command,version,input,pr
2026-10-05T11:55:29.769Z,P0001,,45632600,claim_encoding,accepted,,campaign.claimTask,1,"{""task_id"":""P0001""}",1
2026-10-05T12:05:43.905Z,P0001,,45632600,submit_encoding,accepted,,campaign.submitOmrLayout,2,"{""task_id"":""P0001"",""staves"":136,""grandstaves"":68,""measures"":302,""systems"":58,""movements"":13}",2
2026-10-05T12:06:29.606Z,P0001,S0001,5521800,claim_validation,accepted,,campaign.claimValidation,1,"{""task_id"":""P0001"",""subtask_id"":""S0001""}",3
2026-10-05T12:11:31.980Z,P0001,S0001,5521800,submit_validation,accepted,pass,campaign.submitValidation,2,"{""task_id"":""P0001"",""subtask_id"":""S0001"",""verdict"":""pass""}",4
2026-10-05T12:12:29.678Z,P0002,,45632600,claim_encoding,accepted,,campaign.claimTask,1,"{""task_id"":""P0002""}",5
2026-10-05T12:17:20.584Z,P0002,,45632600,submit_encoding,accepted,,campaign.submitScoreSetup,1,"{""task_id"":""P0002"",""staves"":2,""groups"":1,""keysig"":""0"",""meter"":""common""}",6
2026-10-05T12:18:36.391Z,P0002,S0001,5521800,claim_validation,accepted,,campaign.claimValidation,1,"{""task_id"":""P0002"",""subtask_id"":""S0001""}",7
2026-10-05T12:20:17.247Z,P0002,S0001,5521800,submit_validation,accepted,pass,campaign.submitValidation,2,"{""task_id"":""P0002"",""subtask_id"":""S0001"",""verdict"":""pass""}",8
2026-10-05T12:21:16.817Z,T0001,,45632600,claim_encoding,accepted,,campaign.openEditor,1,"{""task_id"":""T0001""}",9
2026-10-05T12:51:18.901Z,T0002,,5521800,submit_comment,accepted,comment,campaign.submitComment,1,"{""task_id"":""T0002"",""subtask_id"":"""",""kind"":""comment"",""parent_id"":""""}",10
2026-10-05T12:52:31.499Z,T0002,,45632600,submit_comment,accepted,reply,campaign.submitComment,1,"{""task_id"":""T0002"",""subtask_id"":"""",""kind"":""reply"",""parent_id"":""7793d983""}",11
2026-10-05T20:18:48.465Z,T0001,,45632600,reap,released,encoding,,,,
