task_id,subtask_id,status,encoder,encoded_at,validate_status_1
P0001,,completed,45632600,2026-10-05T12:05:43.905Z,
P0001,S0001,completed,,,pass|5521800|2026-10-05T12:11:31.980Z
P0002,,validation_required,45632600,2026-10-05T12:17:20.584Z,
P0002,S0001,validation_required,,,pass
T0001,,encoding_required,,,
T0001,S0001,pending,,,
T0002,,encoding_required,,,
T0002,S0001,pending,,,
T0003,,encoding_required,,,
T0003,S0001,pending,,,
T0004,,encoding_required,,,
T0004,S0001,pending,,,
T0005,,encoding_required,,,
T0005,S0001,pending,,,
T0006,,encoding_required,,,
T0006,S0001,pending,,,
T0007,,encoding_required,,,
T0007,S0001,pending,,,
T0008,,encoding_required,,,
T0008,S0001,pending,,,
T0009,,encoding_required,,,
T0009,S0001,pending,,,
T0010,,encoding_required,,,
T0010,S0001,pending,,,
